"file:content","name","type","dc:title","product:brand","product:productline","product:sku","business:product","business:brand","channel:type","thumb:thumbnail","thumb:banner","project:type","project:project_manager","project:creative_manager","project:contributors","project:due_date","deliverable:type","deliverable:assignee","deliverable:duedate"
,"ProjectRoot/Project1","Project","Rainer Summer Sales North America 2018",,,,,"rainier",,,,"marketing_campaign","Alice","Jane","Bob","31/05/2018",,,
,"ProjectRoot/Project2","Project","2018 Extreme 4000 Product Launch",,,,,"rainier",,,,"marketing_campaign","Alice","Jane","Bob","31/05/2018",,,
,"ProjectRoot/Project2/MobileAds","Deliverable","MobileAds",,,,,,,,,,,,,,"Mobile Interstitial Ad","Bob","17/05/2018"
,"CollectionRoot/Summer","Collection","Summer",,,,,,,,,,,,,,,,
,"CollectionRoot/Wild","Collection","Wild",,,,,,,,,,,,,,,,
,"CollectionRoot/Forest","Collection","Forest",,,,,,,,,,,,,,,,
,"ChannelRoot/rainier_Social","Channel","rainier - Social",,,,,"rainier","Social","rainier.png","rainier.png",,,,,,,,
,"ChannelRoot/rainier_Brand Portal","Channel","rainier - Brand Portal",,,,,"rainier","Brand Portal","rainier.png","rainier.png",,,,,,,,
,"ChannelRoot/rainier_Web","Channel","rainier - Web",,,,,"rainier","Web","rainier.png","rainier.png",,,,,,,,
,"ChannelRoot/rainier_Catalog","Channel","rainier - Catalog",,,,,"rainier","Catalog","rainier.png","rainier.png",,,,,,,,
,"ChannelRoot/sporting_goods_inc_Social","Channel","sporting_goods_inc - Social",,,,,"sporting_goods_inc","Social","sporting_goods.jpg","sporting_goods.jpg",,,,,,,,
,"ChannelRoot/sporting_goods_inc_Brand Portal","Channel","sporting_goods_inc - Brand Portal",,,,,"sporting_goods_inc","Brand Portal","sporting_goods.jpg","sporting_goods.jpg",,,,,,,,
,"ChannelRoot/sporting_goods_inc_Web","Channel","sporting_goods_inc - Web",,,,,"sporting_goods_inc","Web","sporting_goods.jpg","sporting_goods.jpg",,,,,,,,
,"ChannelRoot/sporting_goods_inc_Catalog","Channel","sporting_goods_inc - Catalog",,,,,"sporting_goods_inc","Catalog","sporting_goods.jpg","sporting_goods.jpg",,,,,,,,
,"ChannelRoot/paradise_Social","Channel","paradise - Social",,,,,"paradise","Social","paradise2.jpg","paradise2.jpg",,,,,,,,
,"ChannelRoot/paradise_Brand Portal","Channel","paradise - Brand Portal",,,,,"paradise","Brand Portal","paradise2.jpg","paradise2.jpg",,,,,,,,
,"ChannelRoot/paradise_Web","Channel","paradise - Web",,,,,"paradise","Web","paradise2.jpg","paradise2.jpg",,,,,,,,
,"ChannelRoot/paradise_Catalog","Channel","paradise - Catalog",,,,,"paradise","Catalog","paradise2.jpg","paradise2.jpg",,,,,,,,
,"ChannelRoot/sunrise_Social","Channel","sunrise - Social",,,,,"sunrise","Social","sunrise.jpg","sunrise.jpg",,,,,,,,
,"ChannelRoot/sunrise_Brand Portal","Channel","sunrise - Brand Portal",,,,,"sunrise","Brand Portal","sunrise.jpg","sunrise.jpg",,,,,,,,
,"ChannelRoot/sunrise_Web","Channel","sunrise - Web",,,,,"sunrise","Web","sunrise.jpg","sunrise.jpg",,,,,,,,
,"ChannelRoot/sunrise_Catalog","Channel","sunrise - Catalog",,,,,"sunrise","Catalog","sunrise.jpg","sunrise.jpg",,,,,,,,
,"ChannelRoot/ohanapecosh_Social","Channel","ohanapecosh - Social",,,,,"ohanapecosh","Social","ohanapecosh.jpg","ohanapecosh.jpg",,,,,,,,
,"ChannelRoot/ohanapecosh_Brand Portal","Channel","ohanapecosh - Brand Portal",,,,,"ohanapecosh","Brand Portal","ohanapecosh.jpg","ohanapecosh.jpg",,,,,,,,
,"ChannelRoot/ohanapecosh_Web","Channel","ohanapecosh - Web",,,,,"ohanapecosh","Web","ohanapecosh.jpg","ohanapecosh.jpg",,,,,,,,
,"ChannelRoot/ohanapecosh_Catalog","Channel","ohanapecosh - Catalog",,,,,"ohanapecosh","Catalog","ohanapecosh.jpg","ohanapecosh.jpg",,,,,,,,
,"AssetLibrary/stockPicture","Workspace","Stock Images",,,,,,,,,,,,,,,,
,"AssetLibrary/stockVideo","Workspace","Stock Videos",,,,,,,,,,,,,,,,
,"AssetLibrary/stockFile","Workspace","Misc",,,,,,,,,,,,,,,,
,"AssetLibrary/stockFile/California","Workspace","California",,,,,,,,,,,,,,,,
,"ProductRoot/Product1","Product","Trail X200","rainier","shoes","RAI-SHOE-0001",,,,,,,,,,,,,
,"ProductRoot/Product12","Product","Extreme Rainier Winter P100","rainier","shoes","RAI-SHOE-0012",,,,,,,,,,,,,
,"ProductRoot/Product23","Product","Urban Trail A100","rainier","shoes","RAI-SHOE-0023",,,,,,,,,,,,,
,"ProductRoot/Product29","Product","Summer Trail S101","rainier","shoes","RAI-SHOE-0029",,,,,,,,,,,,,
,"ProductRoot/Product33","Product","Gloves G001","rainier","accessories","RAI-ACC-0001",,,,,,,,,,,,,
,"ProductRoot/Product47","Product","Hat A001","rainier","accessories","RAI-ACC-0015",,,,,,,,,,,,,
,"ProductRoot/Product58","Product","Backpack B1000","rainier","accessories","RAI-ACC-0026",,,,,,,,,,,,,
,"ProductRoot/Product66","Product","Jacket Extreme 4000","rainier","jackets","RAI-JACK-0001",,,,,,,,,,,,,
,"ProductRoot/Product67","Product","Jacket Urban Style","rainier","jackets","RAI-JACK-0002",,,,,,,,,,,,,
,"ProductRoot/Product68","Product","Jacket Foothill 1000","rainier","jackets","RAI-JACK-0003",,,,,,,,,,,,,
,"ProductRoot/Product69","Product","Jacket Everest 8000","rainier","jackets","RAI-JACK-0004",,,,,,,,,,,,,
,"ProductRoot/Product70","Product","Tropical Island Flip Flops","paradise","shoes","PAR-SHOE-0001",,,,,,,,,,,,,
,"ProductRoot/Product71","Product","Sand Beach Flip Flops","paradise","shoes","PAR-SHOE-0012",,,,,,,,,,,,,
,"ProductRoot/Product72","Product","Saint Barthelemy Espadrilles","paradise","shoes","PAR-SHOE-0023",,,,,,,,,,,,,
,"ProductRoot/Product73","Product","Guadeloupe Boat shoes","paradise","shoes","PAR-SHOE-0029",,,,,,,,,,,,,
,"ProductRoot/Product74","Product","Paradise Borsalino","paradise","accessories","PAR-ACC-0001",,,,,,,,,,,,,
,"ProductRoot/Product75","Product","Wave Hat","paradise","accessories","PAR-ACC-0015",,,,,,,,,,,,,
,"ProductRoot/Product76","Product","Beach Bag","paradise","accessories","PAR-ACC-0026",,,,,,,,,,,,,
"action_adult_child_clothes_clothing_fashion_footwear_603606.jpg","AssetLibrary/stockPicture/action_adult_child_clothes_clothing_fashion_footwear_603606.jpg","Picture","action_adult_child_clothes_clothing_fashion_footwear_603606.jpg",,,,,,,,,,,,,,,,
"adventure-climbing-climber-97804.jpeg","AssetLibrary/stockPicture/adventure-climbing-climber-97804.jpeg","Picture","adventure-climbing-climber-97804.jpeg",,,,,,,,,,,,,,,,
"adventurer_191904.jpg","AssetLibrary/stockPicture/adventurer_191904.jpg","Picture","adventurer_191904.jpg",,,,,,,,,,,,,,,,
"Apple_ProRes_White_Paper.pdf","AssetLibrary/stockFile/Apple_ProRes_White_Paper.pdf","File","Apple_ProRes_White_Paper.pdf",,,,,,,,,,,,,,,,
"Beach - 4722.mp4","AssetLibrary/stockVideo/Beach - 4722.mp4","Video","Beach - 4722.mp4",,,,,,,,,,,,,,,,
"beach-sunglasses-sand-343720.jpeg","AssetLibrary/stockPicture/beach-sunglasses-sand-343720.jpeg","Picture","beach-sunglasses-sand-343720.jpeg",,,,,,,,,,,,,,,,
"black-and-white-feet-shoes-31159.jpg","AssetLibrary/stockPicture/black-and-white-feet-shoes-31159.jpg","Picture","black-and-white-feet-shoes-31159.jpg",,,,,,,,,,,,,,,,
"boots_galoshes_waders.jpg","AssetLibrary/stockPicture/boots_galoshes_waders.jpg","Picture","boots_galoshes_waders.jpg",,,,,,,,,,,,,,,,
"camera-lens-travel-131211.jpeg","AssetLibrary/stockPicture/camera-lens-travel-131211.jpeg","Picture","camera-lens-travel-131211.jpeg",,,,,,,,,,,,,,,,
"camera-wristwatch-vintage-179911.jpeg","AssetLibrary/stockPicture/camera-wristwatch-vintage-179911.jpeg","Picture","camera-wristwatch-vintage-179911.jpeg",,,,,,,,,,,,,,,,
"city-fashion-person-267775.jpeg","AssetLibrary/stockPicture/city-fashion-person-267775.jpeg","Picture","city-fashion-person-267775.jpeg",,,,,,,,,,,,,,,,
"city-man-people-202780.jpeg","AssetLibrary/stockPicture/city-man-people-202780.jpeg","Picture","city-man-people-202780.jpeg",,,,,,,,,,,,,,,,
"city-road-man-199876.jpeg","AssetLibrary/stockPicture/city-road-man-199876.jpeg","Picture","city-road-man-199876.jpeg",,,,,,,,,,,,,,,,
"clothes-sweater-colors-9445.jpg","AssetLibrary/stockPicture/clothes-sweater-colors-9445.jpg","Picture","clothes-sweater-colors-9445.jpg",,,,,,,,,,,,,,,,
"clothes-sweater-wool-45982.jpeg","AssetLibrary/stockPicture/clothes-sweater-wool-45982.jpeg","Picture","clothes-sweater-wool-45982.jpeg",,,,,,,,,,,,,,,,
"cloud-time-lapse.mp4","AssetLibrary/stockVideo/cloud-time-lapse.mp4","Video","cloud-time-lapse.mp4",,,,,,,,,,,,,,,,
"cold-dawn-landscape-320782.jpeg","AssetLibrary/stockPicture/cold-dawn-landscape-320782.jpeg","Picture","cold-dawn-landscape-320782.jpeg",,,,,,,,,,,,,,,,
"cold-fashion-girl-33548.jpg","AssetLibrary/stockPicture/cold-fashion-girl-33548.jpg","Picture","cold-fashion-girl-33548.jpg",,,,,,,,,,,,,,,,
"cold-fashion-man-375880.jpeg","AssetLibrary/stockPicture/cold-fashion-man-375880.jpeg","Picture","cold-fashion-man-375880.jpeg",,,,,,,,,,,,,,,,
"cold-fashion-person-30889.jpg","AssetLibrary/stockPicture/cold-fashion-person-30889.jpg","Picture","cold-fashion-person-30889.jpg",,,,,,,,,,,,,,,,
"cold-fashion-person-206481.jpeg","AssetLibrary/stockPicture/cold-fashion-person-206481.jpeg","Picture","cold-fashion-person-206481.jpeg",,,,,,,,,,,,,,,,
"cold-fashion-person-309808.jpeg","AssetLibrary/stockPicture/cold-fashion-person-309808.jpeg","Picture","cold-fashion-person-309808.jpeg",,,,,,,,,,,,,,,,
"cold-fashion-woman-54203.jpeg","AssetLibrary/stockPicture/cold-fashion-woman-54203.jpeg","Picture","cold-fashion-woman-54203.jpeg",,,,,,,,,,,,,,,,
"cold-hands-people-41507.jpeg","AssetLibrary/stockPicture/cold-hands-people-41507.jpeg","Picture","cold-hands-people-41507.jpeg",,,,,,,,,,,,,,,,
"cold-light-fashion-310419.jpeg","AssetLibrary/stockPicture/cold-light-fashion-310419.jpeg","Picture","cold-light-fashion-310419.jpeg",,,,,,,,,,,,,,,,
"cold-snow-black-and-white-248023.jpeg","AssetLibrary/stockPicture/cold-snow-black-and-white-248023.jpeg","Picture","cold-snow-black-and-white-248023.jpeg",,,,,,,,,,,,,,,,
"cold-snow-fashion-61124.jpeg","AssetLibrary/stockPicture/cold-snow-fashion-61124.jpeg","Picture","cold-snow-fashion-61124.jpeg",,,,,,,,,,,,,,,,
"cold-snow-fashion-243917.jpeg","AssetLibrary/stockPicture/cold-snow-fashion-243917.jpeg","Picture","cold-snow-fashion-243917.jpeg",,,,,,,,,,,,,,,,
"cold-snow-fashion-258303.jpeg","AssetLibrary/stockPicture/cold-snow-fashion-258303.jpeg","Picture","cold-snow-fashion-258303.jpeg",,,,,,,,,,,,,,,,
"cold-snow-fashion-293029.jpeg","AssetLibrary/stockPicture/cold-snow-fashion-293029.jpeg","Picture","cold-snow-fashion-293029.jpeg",,,,,,,,,,,,,,,,
"cold-snow-fashion-295821.jpeg","AssetLibrary/stockPicture/cold-snow-fashion-295821.jpeg","Picture","cold-snow-fashion-295821.jpeg",,,,,,,,,,,,,,,,
"cold-snow-fashion-299344.jpeg","AssetLibrary/stockPicture/cold-snow-fashion-299344.jpeg","Picture","cold-snow-fashion-299344.jpeg",,,,,,,,,,,,,,,,
"cold-snow-fashion-299345.jpeg","AssetLibrary/stockPicture/cold-snow-fashion-299345.jpeg","Picture","cold-snow-fashion-299345.jpeg",,,,,,,,,,,,,,,,
"cold-snow-fashion-324658.jpeg","AssetLibrary/stockPicture/cold-snow-fashion-324658.jpeg","Picture","cold-snow-fashion-324658.jpeg",,,,,,,,,,,,,,,,
"cold-snow-landscape-62485.jpeg","AssetLibrary/stockPicture/cold-snow-landscape-62485.jpeg","Picture","cold-snow-landscape-62485.jpeg",,,,,,,,,,,,,,,,
"cold-snow-landscape-163168.jpeg","AssetLibrary/stockPicture/cold-snow-landscape-163168.jpeg","Picture","cold-snow-landscape-163168.jpeg",,,,,,,,,,,,,,,,
"cold-snow-landscape-259522.jpeg","AssetLibrary/stockPicture/cold-snow-landscape-259522.jpeg","Picture","cold-snow-landscape-259522.jpeg",,,,,,,,,,,,,,,,
"cold-snow-landscape-320470.jpeg","AssetLibrary/stockPicture/cold-snow-landscape-320470.jpeg","Picture","cold-snow-landscape-320470.jpeg",,,,,,,,,,,,,,,,
"cold-snow-light-247134.jpeg","AssetLibrary/stockPicture/cold-snow-light-247134.jpeg","Picture","cold-snow-light-247134.jpeg",,,,,,,,,,,,,,,,
"cold-snow-man-47356.jpeg","AssetLibrary/stockPicture/cold-snow-man-47356.jpeg","Picture","cold-snow-man-47356.jpeg",,,,,,,,,,,,,,,,
"cold-snow-man-297817.jpeg","AssetLibrary/stockPicture/cold-snow-man-297817.jpeg","Picture","cold-snow-man-297817.jpeg",,,,,,,,,,,,,,,,
"cold-snow-man-357902.jpeg","AssetLibrary/stockPicture/cold-snow-man-357902.jpeg","Picture","cold-snow-man-357902.jpeg",,,,,,,,,,,,,,,,
"cold-snow-mountains-104994.jpeg","AssetLibrary/stockPicture/cold-snow-mountains-104994.jpeg","Picture","cold-snow-mountains-104994.jpeg",,,,,,,,,,,,,,,,
"cold-snow-mountains-128874.jpeg","AssetLibrary/stockPicture/cold-snow-mountains-128874.jpeg","Picture","cold-snow-mountains-128874.jpeg",,,,,,,,,,,,,,,,
"cold-snow-people-62802.jpeg","AssetLibrary/stockPicture/cold-snow-people-62802.jpeg","Picture","cold-snow-people-62802.jpeg",,,,,,,,,,,,,,,,
"cold-snow-person-41374.jpeg","AssetLibrary/stockPicture/cold-snow-person-41374.jpeg","Picture","cold-snow-person-41374.jpeg",,,,,,,,,,,,,,,,
"cold-snow-person-92081.jpeg","AssetLibrary/stockPicture/cold-snow-person-92081.jpeg","Picture","cold-snow-person-92081.jpeg",,,,,,,,,,,,,,,,
"cold-snow-person-134068.jpeg","AssetLibrary/stockPicture/cold-snow-person-134068.jpeg","Picture","cold-snow-person-134068.jpeg",,,,,,,,,,,,,,,,
"cold-snow-person-247913.jpeg","AssetLibrary/stockPicture/cold-snow-person-247913.jpeg","Picture","cold-snow-person-247913.jpeg",,,,,,,,,,,,,,,,
"cold-snow-person-264168.jpeg","AssetLibrary/stockPicture/cold-snow-person-264168.jpeg","Picture","cold-snow-person-264168.jpeg",,,,,,,,,,,,,,,,
"cold-snow-road-134919.jpeg","AssetLibrary/stockPicture/cold-snow-road-134919.jpeg","Picture","cold-snow-road-134919.jpeg",,,,,,,,,,,,,,,,
"cold-snow-winter-48690.jpeg","AssetLibrary/stockPicture/cold-snow-winter-48690.jpeg","Picture","cold-snow-winter-48690.jpeg",,,,,,,,,,,,,,,,
"cold-snow-woman-46001.jpeg","AssetLibrary/stockPicture/cold-snow-woman-46001.jpeg","Picture","cold-snow-woman-46001.jpeg",,,,,,,,,,,,,,,,
"cold-snow-woman-54206.jpeg","AssetLibrary/stockPicture/cold-snow-woman-54206.jpeg","Picture","cold-snow-woman-54206.jpeg",,,,,,,,,,,,,,,,
"cold-snow-wood-271577.jpeg","AssetLibrary/stockPicture/cold-snow-wood-271577.jpeg","Picture","cold-snow-wood-271577.jpeg",,,,,,,,,,,,,,,,
"cold-snow-wood-281424.jpeg","AssetLibrary/stockPicture/cold-snow-wood-281424.jpeg","Picture","cold-snow-wood-281424.jpeg",,,,,,,,,,,,,,,,
"cold-snow-wood-321339.jpeg","AssetLibrary/stockPicture/cold-snow-wood-321339.jpeg","Picture","cold-snow-wood-321339.jpeg",,,,,,,,,,,,,,,,
"cold-sunset-fashion-305555.jpeg","AssetLibrary/stockPicture/cold-sunset-fashion-305555.jpeg","Picture","cold-sunset-fashion-305555.jpeg",,,,,,,,,,,,,,,,
"cold-wood-man-375892.jpeg","AssetLibrary/stockPicture/cold-wood-man-375892.jpeg","Picture","cold-wood-man-375892.jpeg",,,,,,,,,,,,,,,,
"earth-guide-universe-269633.jpeg","AssetLibrary/stockPicture/earth-guide-universe-269633.jpeg","Picture","earth-guide-universe-269633.jpeg",,,,,,,,,,,,,,,,
"exercise_gymnasium_exercising.jpg","AssetLibrary/stockPicture/exercise_gymnasium_exercising.jpg","Picture","exercise_gymnasium_exercising.jpg",,,,,,,,,,,,,,,,
"explorer_198208.jpg","AssetLibrary/stockPicture/explorer_198208.jpg","Picture","explorer_198208.jpg",,,,,,,,,,,,,,,,
"fashion-apple-camera-241285.jpeg","AssetLibrary/stockPicture/fashion-apple-camera-241285.jpeg","Picture","fashion-apple-camera-241285.jpeg",,,,,,,,,,,,,,,,
"fashion-blue-shoes-266840.jpeg","AssetLibrary/stockPicture/fashion-blue-shoes-266840.jpeg","Picture","fashion-blue-shoes-266840.jpeg",,,,,,,,,,,,,,,,
"fashion-brown-clothing-45057.jpeg","AssetLibrary/stockPicture/fashion-brown-clothing-45057.jpeg","Picture","fashion-brown-clothing-45057.jpeg",,,,,,,,,,,,,,,,
"fashion-car-jeans-8796.jpg","AssetLibrary/stockPicture/fashion-car-jeans-8796.jpg","Picture","fashion-car-jeans-8796.jpg",,,,,,,,,,,,,,,,
"fashion-feet-shoes-160169.jpeg","AssetLibrary/stockPicture/fashion-feet-shoes-160169.jpeg","Picture","fashion-feet-shoes-160169.jpeg",,,,,,,,,,,,,,,,
"fashion-man-person-5108.jpeg","AssetLibrary/stockPicture/fashion-man-person-5108.jpeg","Picture","fashion-man-person-5108.jpeg",,,,,,,,,,,,,,,,
"fashion-man-person-47449.jpeg","AssetLibrary/stockPicture/fashion-man-person-47449.jpeg","Picture","fashion-man-person-47449.jpeg",,,,,,,,,,,,,,,,
"fashion-man-person-63937.jpeg","AssetLibrary/stockPicture/fashion-man-person-63937.jpeg","Picture","fashion-man-person-63937.jpeg",,,,"default:/default-domain/ProductRoot/Product67",,,,,,,,,,,,
"fashion-man-person-211048.jpeg","AssetLibrary/stockPicture/fashion-man-person-211048.jpeg","Picture","fashion-man-person-211048.jpeg",,,,,,,,,,,,,,,,
"fashion-man-person-211051.jpeg","AssetLibrary/stockPicture/fashion-man-person-211051.jpeg","Picture","fashion-man-person-211051.jpeg",,,,,,,,,,,,,,,,
"fashion-man-person-254069.jpeg","AssetLibrary/stockPicture/fashion-man-person-254069.jpeg","Picture","fashion-man-person-254069.jpeg",,,,,,,,,,,,,,,,
"fashion-man-person-343717.jpeg","AssetLibrary/stockPicture/fashion-man-person-343717.jpeg","Picture","fashion-man-person-343717.jpeg",,,,,,,,,,,,,,,,
"fashion-man-sunglasses-109394.jpeg","AssetLibrary/stockPicture/fashion-man-sunglasses-109394.jpeg","Picture","fashion-man-sunglasses-109394.jpeg",,,,,,,,,,,,,,,,
"fashion-people-winter-25351.jpg","AssetLibrary/stockPicture/fashion-people-winter-25351.jpg","Picture","fashion-people-winter-25351.jpg",,,,,,,,,,,,,,,,
"fashion-person-color-165816.jpeg","AssetLibrary/stockPicture/fashion-person-color-165816.jpeg","Picture","fashion-person-color-165816.jpeg",,,,,,,,,,,,,,,,
"fashion-person-hand-228586.jpeg","AssetLibrary/stockPicture/fashion-person-hand-228586.jpeg","Picture","fashion-person-hand-228586.jpeg",,,,,,,,,,,,,,,,
"fashion-person-red-41204.jpeg","AssetLibrary/stockPicture/fashion-person-red-41204.jpeg","Picture","fashion-person-red-41204.jpeg",,,,,,,,,,,,,,,,
"fashion-person-red-41205.jpeg","AssetLibrary/stockPicture/fashion-person-red-41205.jpeg","Picture","fashion-person-red-41205.jpeg",,,,,,,,,,,,,,,,
"fashion-person-sunglasses-48588.jpeg","AssetLibrary/stockPicture/fashion-person-sunglasses-48588.jpeg","Picture","fashion-person-sunglasses-48588.jpeg",,,,,,,,,,,,,,,,
"fashion-person-woman-6762.jpg","AssetLibrary/stockPicture/fashion-person-woman-6762.jpg","Picture","fashion-person-woman-6762.jpg",,,,,,,,,,,,,,,,
"fashion-person-woman-9508.jpeg","AssetLibrary/stockPicture/fashion-person-woman-9508.jpeg","Picture","fashion-person-woman-9508.jpeg",,,,,,,,,,,,,,,,
"fashion-person-woman-36094.jpg","AssetLibrary/stockPicture/fashion-person-woman-36094.jpg","Picture","fashion-person-woman-36094.jpg",,,,,,,,,,,,,,,,
"fashion-person-woman-37598.jpeg","AssetLibrary/stockPicture/fashion-person-woman-37598.jpeg","Picture","fashion-person-woman-37598.jpeg",,,,,,,,,,,,,,,,
"fashion-person-woman-37644.jpeg","AssetLibrary/stockPicture/fashion-person-woman-37644.jpeg","Picture","fashion-person-woman-37644.jpeg",,,,,,,,,,,,,,,,
"fashion-person-woman-112589.jpeg","AssetLibrary/stockPicture/fashion-person-woman-112589.jpeg","Picture","fashion-person-woman-112589.jpeg",,,,,,,,,,,,,,,,
"fashion-person-woman-245239.jpeg","AssetLibrary/stockPicture/fashion-person-woman-245239.jpeg","Picture","fashion-person-woman-245239.jpeg",,,,,,,,,,,,,,,,
"fashion-person-woman-247258.jpeg","AssetLibrary/stockPicture/fashion-person-woman-247258.jpeg","Picture","fashion-person-woman-247258.jpeg",,,,,,,,,,,,,,,,
"fashion-person-woman-346745.jpeg","AssetLibrary/stockPicture/fashion-person-woman-346745.jpeg","Picture","fashion-person-woman-346745.jpeg",,,,,,,,,,,,,,,,
"fashion-woman-walking-27341.jpg","AssetLibrary/stockPicture/fashion-woman-walking-27341.jpg","Picture","fashion-woman-walking-27341.jpg",,,,,,,,,,,,,,,,
"fashion-woman-water-57866.jpeg","AssetLibrary/stockPicture/fashion-woman-water-57866.jpeg","Picture","fashion-woman-water-57866.jpeg",,,,,,,,,,,,,,,,
"feet-jumping-rock-36025.jpg","AssetLibrary/stockPicture/feet-jumping-rock-36025.jpg","Picture","feet-jumping-rock-36025.jpg",,,,,,,,,,,,,,,,
"feet-legs-shoes-46086.jpeg","AssetLibrary/stockPicture/feet-legs-shoes-46086.jpeg","Picture","feet-legs-shoes-46086.jpeg",,,,,,,,,,,,,,,,
"feet-legs-shoes-102584.jpeg","AssetLibrary/stockPicture/feet-legs-shoes-102584.jpeg","Picture","feet-legs-shoes-102584.jpeg",,,,,,,,,,,,,,,,
"feet-shoes-leaves-160771.jpeg","AssetLibrary/stockPicture/feet-shoes-leaves-160771.jpeg","Picture","feet-shoes-leaves-160771.jpeg",,,,,,,,,,,,,,,,
"feet-shoes-leaves-226293.jpeg","AssetLibrary/stockPicture/feet-shoes-leaves-226293.jpeg","Picture","feet-shoes-leaves-226293.jpeg",,,,,,,,,,,,,,,,
"feet-shoes-outdoors-126404.jpeg","AssetLibrary/stockPicture/feet-shoes-outdoors-126404.jpeg","Picture","feet-shoes-outdoors-126404.jpeg",,,,,,,,,,,,,,,,
"feet-shoes-pavement-70249.jpeg","AssetLibrary/stockPicture/feet-shoes-pavement-70249.jpeg","Picture","feet-shoes-pavement-70249.jpeg",,,,,,,,,,,,,,,,
"female_model_in_winter_201106.jpg","AssetLibrary/stockPicture/female_model_in_winter_201106.jpg","Picture","female_model_in_winter_201106.jpg",,,,,,,,,,,,,,,,
"flag-usa-american-35101.jpg","AssetLibrary/stockPicture/flag-usa-american-35101.jpg","Picture","flag-usa-american-35101.jpg",,,,,,,,,,,,,,,,
"food-art-wall-174662.jpeg","AssetLibrary/stockPicture/food-art-wall-174662.jpeg","Picture","food-art-wall-174662.jpeg",,,,,,,,,,,,,,,,
"GettyImages-101286625.mov","AssetLibrary/stockVideo/GettyImages-101286625.mov","Video","GettyImages-101286625.mov",,,,,,,,,,,,,,,,
"GettyImages-482049466.mov","AssetLibrary/stockVideo/GettyImages-482049466.mov","Video","GettyImages-482049466.mov",,,,,,,,,,,,,,,,
"GettyImages-483816331.mov","AssetLibrary/stockVideo/GettyImages-483816331.mov","Video","GettyImages-483816331.mov",,,,,,,,,,,,,,,,
"GettyImages-819817524.mov","AssetLibrary/stockVideo/GettyImages-819817524.mov","Video","GettyImages-819817524.mov",,,,,,,,,,,,,,,,
"GettyImages-819838212.mov","AssetLibrary/stockVideo/GettyImages-819838212.mov","Video","GettyImages-819838212.mov",,,,,,,,,,,,,,,,
"GettyImages-847734670.mov","AssetLibrary/stockVideo/GettyImages-847734670.mov","Video","GettyImages-847734670.mov",,,,,,,,,,,,,,,,
"girl-forest-trees-31199.jpg","AssetLibrary/stockPicture/girl-forest-trees-31199.jpg","Picture","girl-forest-trees-31199.jpg",,,,,,,,,,,,,,,,
"glasses.jpg","AssetLibrary/stockPicture/glasses.jpg","Picture","glasses.jpg",,,,,,,,,,,,,,,,
"glasses1.jpg","AssetLibrary/stockPicture/glasses1.jpg","Picture","glasses1.jpg",,,,,,,,,,,,,,,,
"gloves.jpg","AssetLibrary/stockPicture/gloves.jpg","Picture","gloves.jpg",,,,,,,,,,,,,,,,
"gloves1.jpg","AssetLibrary/stockPicture/gloves1.jpg","Picture","gloves1.jpg",,,,,,,,,,,,,,,,
"gloves2.jpg","AssetLibrary/stockPicture/gloves2.jpg","Picture","gloves2.jpg",,,,,,,,,,,,,,,,
"gscnep7ckyi_607777.jpg","AssetLibrary/stockPicture/gscnep7ckyi_607777.jpg","Picture","gscnep7ckyi_607777.jpg",,,,,,,,,,,,,,,,
"hands-colorful-colourful-37729.jpeg","AssetLibrary/stockPicture/hands-colorful-colourful-37729.jpeg","Picture","hands-colorful-colourful-37729.jpeg",,,,,,,,,,,,,,,,
"hands-cup-mug-62369.jpeg","AssetLibrary/stockPicture/hands-cup-mug-62369.jpeg","Picture","hands-cup-mug-62369.jpeg",,,,,,,,,,,,,,,,
"landscape-fashion-man-236287.jpeg","AssetLibrary/stockPicture/landscape-fashion-man-236287.jpeg","Picture","landscape-fashion-man-236287.jpeg",,,,,,,,,,,,,,,,
"landscape-mountains-man-34511.jpg","AssetLibrary/stockPicture/landscape-mountains-man-34511.jpg","Picture","landscape-mountains-man-34511.jpg",,,,,,,,,,,,,,,,
"landscape-mountains-nature-24128.jpg","AssetLibrary/stockPicture/landscape-mountains-nature-24128.jpg","Picture","landscape-mountains-nature-24128.jpg",,,,,,,,,,,,,,,,
"landscape-mountains-nature-31040.jpg","AssetLibrary/stockPicture/landscape-mountains-nature-31040.jpg","Picture","landscape-mountains-nature-31040.jpg",,,,,,,,,,,,,,,,
"landscape-mountains-nature-340566.jpeg","AssetLibrary/stockPicture/landscape-mountains-nature-340566.jpeg","Picture","landscape-mountains-nature-340566.jpeg",,,,,,,,,,,,,,,,
"landscape-mountains-nature-346692.jpeg","AssetLibrary/stockPicture/landscape-mountains-nature-346692.jpeg","Picture","landscape-mountains-nature-346692.jpeg",,,,,,,,,,,,,,,,
"landscape-nature-man-204123.jpeg","AssetLibrary/stockPicture/landscape-nature-man-204123.jpeg","Picture","landscape-nature-man-204123.jpeg",,,,,,,,,,,,,,,,
"landscape-nature-man-346833.jpeg","AssetLibrary/stockPicture/landscape-nature-man-346833.jpeg","Picture","landscape-nature-man-346833.jpeg",,,,"default:/default-domain/ProductRoot/Product58",,,,,,,,,,,,
"landscape-nature-mountain-200660.jpeg","AssetLibrary/stockPicture/landscape-nature-mountain-200660.jpeg","Picture","landscape-nature-mountain-200660.jpeg",,,,,,,,,,,,,,,,
"landscape-nature-people-196368.jpeg","AssetLibrary/stockPicture/landscape-nature-people-196368.jpeg","Picture","landscape-nature-people-196368.jpeg",,,,,,,,,,,,,,,,
"landscape-nature-person-200661.jpeg","AssetLibrary/stockPicture/landscape-nature-person-200661.jpeg","Picture","landscape-nature-person-200661.jpeg",,,,,,,,,,,,,,,,
"landscape-nature-person-249605.jpeg","AssetLibrary/stockPicture/landscape-nature-person-249605.jpeg","Picture","landscape-nature-person-249605.jpeg",,,,,,,,,,,,,,,,
"landscape-people-water-235897.jpeg","AssetLibrary/stockPicture/landscape-people-water-235897.jpeg","Picture","landscape-people-water-235897.jpeg",,,,,,,,,,,,,,,,
"landscape-people-women-236973.jpeg","AssetLibrary/stockPicture/landscape-people-women-236973.jpeg","Picture","landscape-people-women-236973.jpeg",,,,,,,,,,,,,,,,
"landscape-sky-man-211044.jpeg","AssetLibrary/stockPicture/landscape-sky-man-211044.jpeg","Picture","landscape-sky-man-211044.jpeg",,,,,,,,,,,,,,,,
"landscape-sky-sunset-321943.jpeg","AssetLibrary/stockPicture/landscape-sky-sunset-321943.jpeg","Picture","landscape-sky-sunset-321943.jpeg",,,,,,,,,,,,,,,,
"landscape-sunset-fashion-255041.jpeg","AssetLibrary/stockPicture/landscape-sunset-fashion-255041.jpeg","Picture","landscape-sunset-fashion-255041.jpeg",,,,,,,,,,,,,,,,
"legs-walking-rocks-24141.jpg","AssetLibrary/stockPicture/legs-walking-rocks-24141.jpg","Picture","legs-walking-rocks-24141.jpg",,,,,,,,,,,,,,,,
"light-landscape-sunset-196666.jpeg","AssetLibrary/stockPicture/light-landscape-sunset-196666.jpeg","Picture","light-landscape-sunset-196666.jpeg",,,,,,,,,,,,,,,,
"light-man-person-251829.jpeg","AssetLibrary/stockPicture/light-man-person-251829.jpeg","Picture","light-man-person-251829.jpeg",,,,,,,,,,,,,,,,
"light-woman-sun-300122.jpeg","AssetLibrary/stockPicture/light-woman-sun-300122.jpeg","Picture","light-woman-sun-300122.jpeg",,,,,,,,,,,,,,,,
"love-people-woman-377058.jpeg","AssetLibrary/stockPicture/love-people-woman-377058.jpeg","Picture","love-people-woman-377058.jpeg",,,,,,,,,,,,,,,,
"love-vehicle-vintage-247929.jpeg","AssetLibrary/stockPicture/love-vehicle-vintage-247929.jpeg","Picture","love-vehicle-vintage-247929.jpeg",,,,,,,,,,,,,,,,
"man_with_hiking_backpack_walking_across_bridge_596282.jpg","AssetLibrary/stockPicture/man_with_hiking_backpack_walking_across_bridge_596282.jpg","Picture","man_with_hiking_backpack_walking_across_bridge_596282.jpg",,,,,,,,,,,,,,,,
"man-people-woman-165853.jpeg","AssetLibrary/stockPicture/man-people-woman-165853.jpeg","Picture","man-people-woman-165853.jpeg",,,,,,,,,,,,,,,,
"man-person-people-337259.jpeg","AssetLibrary/stockPicture/man-person-people-337259.jpeg","Picture","man-person-people-337259.jpeg",,,,"default:/default-domain/ProductRoot/Product68",,,,,,,,,,,,
"man-person-street-195506.jpeg","AssetLibrary/stockPicture/man-person-street-195506.jpeg","Picture","man-person-street-195506.jpeg",,,,,,,,,,,,,,,,
"man-person-sunglasses-59576.jpeg","AssetLibrary/stockPicture/man-person-sunglasses-59576.jpeg","Picture","man-person-sunglasses-59576.jpeg",,,,,,,,,,,,,,,,
"man-person-sunglasses-69212.jpeg","AssetLibrary/stockPicture/man-person-sunglasses-69212.jpeg","Picture","man-person-sunglasses-69212.jpeg",,,,,,,,,,,,,,,,
"man-person-vacation-346808.jpeg","AssetLibrary/stockPicture/man-person-vacation-346808.jpeg","Picture","man-person-vacation-346808.jpeg",,,,"default:/default-domain/ProductRoot/Product58",,,,,,,,,,,,
"man-person-winter-21278.jpg","AssetLibrary/stockPicture/man-person-winter-21278.jpg","Picture","man-person-winter-21278.jpg",,,,,,,,,,,,,,,,
"mountains-person-hiker-90425.jpeg","AssetLibrary/stockPicture/mountains-person-hiker-90425.jpeg","Picture","mountains-person-hiker-90425.jpeg",,,,,,,,,,,,,,,,
"nature-fashion-person-1549.jpg","AssetLibrary/stockPicture/nature-fashion-person-1549.jpg","Picture","nature-fashion-person-1549.jpg",,,,,,,,,,,,,,,,
"nature-man-person-6720.jpg","AssetLibrary/stockPicture/nature-man-person-6720.jpg","Picture","nature-man-person-6720.jpg",,,,,,,,,,,,,,,,
"nature-man-person-126383.jpeg","AssetLibrary/stockPicture/nature-man-person-126383.jpeg","Picture","nature-man-person-126383.jpeg",,,,,,,,,,,,,,,,
"nature-man-person-239323.jpeg","AssetLibrary/stockPicture/nature-man-person-239323.jpeg","Picture","nature-man-person-239323.jpeg",,,,,,,,,,,,,,,,
"nature-outside-hiker-12057.jpeg","AssetLibrary/stockPicture/nature-outside-hiker-12057.jpeg","Picture","nature-outside-hiker-12057.jpeg",,,,,,,,,,,,,,,,
"nature-person-feet-2861.jpg","AssetLibrary/stockPicture/nature-person-feet-2861.jpg","Picture","nature-person-feet-2861.jpg",,,,,,,,,,,,,,,,
"nature-person-woman-27765.jpg","AssetLibrary/stockPicture/nature-person-woman-27765.jpg","Picture","nature-person-woman-27765.jpg",,,,,,,,,,,,,,,,
"nature-person-woman-131328.jpeg","AssetLibrary/stockPicture/nature-person-woman-131328.jpeg","Picture","nature-person-woman-131328.jpeg",,,,,,,,,,,,,,,,
"nature-sunglasses-camera-386410.jpeg","AssetLibrary/stockPicture/nature-sunglasses-camera-386410.jpeg","Picture","nature-sunglasses-camera-386410.jpeg",,,,,,,,,,,,,,,,
"okhz1p6rzco_607952-2.jpg","AssetLibrary/stockPicture/okhz1p6rzco_607952-2.jpg","Picture","okhz1p6rzco_607952-2.jpg",,,,,,,,,,,,,,,,
"old-leather-shoe-60619.jpeg","AssetLibrary/stockPicture/old-leather-shoe-60619.jpeg","Picture","old-leather-shoe-60619.jpeg",,,,,,,,,,,,,,,,
"Outdoors - 728.mp4","AssetLibrary/stockVideo/Outdoors - 728.mp4","Video","Outdoors - 728.mp4",,,,,,,,,,,,,,,,
"Park - 7621.mp4","AssetLibrary/stockVideo/Park - 7621.mp4","Video","Park - 7621.mp4",,,,,,,,,,,,,,,,
"pattern-texture-colors-59035.jpeg","AssetLibrary/stockPicture/pattern-texture-colors-59035.jpeg","Picture","pattern-texture-colors-59035.jpeg",,,,,,,,,,,,,,,,
"people-grass-blur-207780.jpeg","AssetLibrary/stockPicture/people-grass-blur-207780.jpeg","Picture","people-grass-blur-207780.jpeg",,,,,,,,,,,,,,,,
"person-feet-dry-284711.jpeg","AssetLibrary/stockPicture/person-feet-dry-284711.jpeg","Picture","person-feet-dry-284711.jpeg",,,,,,,,,,,,,,,,
"person-legs-construction-286691.jpeg","AssetLibrary/stockPicture/person-legs-construction-286691.jpeg","Picture","person-legs-construction-286691.jpeg",,,,,,,,,,,,,,,,
"person-legs-rocks-26179.jpg","AssetLibrary/stockPicture/person-legs-rocks-26179.jpg","Picture","person-legs-rocks-26179.jpg",,,,,,,,,,,,,,,,
"person-mountain-hiker-67448.jpeg","AssetLibrary/stockPicture/person-mountain-hiker-67448.jpeg","Picture","person-mountain-hiker-67448.jpeg",,,,,,,,,,,,,,,,
"person-rocks-hiker-198977.jpeg","AssetLibrary/stockPicture/person-rocks-hiker-198977.jpeg","Picture","person-rocks-hiker-198977.jpeg",,,,,,,,,,,,,,,,
"person-shoes-color-144264.jpeg","AssetLibrary/stockPicture/person-shoes-color-144264.jpeg","Picture","person-shoes-color-144264.jpeg",,,,,,,,,,,,,,,,
"person-woman-feet-286694.jpeg","AssetLibrary/stockPicture/person-woman-feet-286694.jpeg","Picture","person-woman-feet-286694.jpeg",,,,,,,,,,,,,,,,
"person-woman-girl-214577.jpeg","AssetLibrary/stockPicture/person-woman-girl-214577.jpeg","Picture","person-woman-girl-214577.jpeg",,,,,,,,,,,,,,,,
"person-woman-hiker-91971.jpeg","AssetLibrary/stockPicture/person-woman-hiker-91971.jpeg","Picture","person-woman-hiker-91971.jpeg",,,,,,,,,,,,,,,,
"pexels-photo-267775.jpeg","AssetLibrary/stockPicture/pexels-photo-267775.jpeg","Picture","pexels-photo-267775.jpeg",,,,,,,,,,,,,,,,
"restaurant-fashion-sunglasses-324030.jpeg","AssetLibrary/stockPicture/restaurant-fashion-sunglasses-324030.jpeg","Picture","restaurant-fashion-sunglasses-324030.jpeg",,,,,,,,,,,,,,,,
"road-hands-woman-196654.jpeg","AssetLibrary/stockPicture/road-hands-woman-196654.jpeg","Picture","road-hands-woman-196654.jpeg",,,,,,,,,,,,,,,,
"road-landscape-fashion-277013.jpeg","AssetLibrary/stockPicture/road-landscape-fashion-277013.jpeg","Picture","road-landscape-fashion-277013.jpeg",,,,,,,,,,,,,,,,
"Rock Climbing - 925.mp4","AssetLibrary/stockVideo/Rock Climbing - 925.mp4","Video","Rock Climbing - 925.mp4",,,,,,,,,,,,,,,,
"rocks-shoes-boots-92653.jpeg","AssetLibrary/stockPicture/rocks-shoes-boots-92653.jpeg","Picture","rocks-shoes-boots-92653.jpeg",,,,,,,,,,,,,,,,
"sea-holiday-vacation-28273.jpg","AssetLibrary/stockPicture/sea-holiday-vacation-28273.jpg","Picture","sea-holiday-vacation-28273.jpg",,,,,,,,,,,,,,,,
"sea-landscape-sunset-154243.jpeg","AssetLibrary/stockPicture/sea-landscape-sunset-154243.jpeg","Picture","sea-landscape-sunset-154243.jpeg",,,,,,,,,,,,,,,,
"sea-person-beach-398524.jpeg","AssetLibrary/stockPicture/sea-person-beach-398524.jpeg","Picture","sea-person-beach-398524.jpeg",,,,,,,,,,,,,,,,
"shoes-boots-footwear-47220.jpeg","AssetLibrary/stockPicture/shoes-boots-footwear-47220.jpeg","Picture","shoes-boots-footwear-47220.jpeg",,,,,,,,,,,,,,,,
"shoes-brown-outdoors-202168.jpeg","AssetLibrary/stockPicture/shoes-brown-outdoors-202168.jpeg","Picture","shoes-brown-outdoors-202168.jpeg",,,,,,,,,,,,,,,,
"skateboarder_in_air_605223.jpg","AssetLibrary/stockPicture/skateboarder_in_air_605223.jpg","Picture","skateboarder_in_air_605223.jpg",,,,,,,,,,,,,,,,
"sky-man-person-346826.jpeg","AssetLibrary/stockPicture/sky-man-person-346826.jpeg","Picture","sky-man-person-346826.jpeg",,,,"default:/default-domain/ProductRoot/Product58",,,,,,,,,,,,
"snow_shoes_upright_in_snow_190832.jpg","AssetLibrary/stockPicture/snow_shoes_upright_in_snow_190832.jpg","Picture","snow_shoes_upright_in_snow_190832.jpg",,,,,,,,,,,,,,,,
"snowboarder_winter_outdoor_activities.jpg","AssetLibrary/stockPicture/snowboarder_winter_outdoor_activities.jpg","Picture","snowboarder_winter_outdoor_activities.jpg",,,,,,,,,,,,,,,,
"snow-couple-winter-38674.jpeg","AssetLibrary/stockPicture/snow-couple-winter-38674.jpeg","Picture","snow-couple-winter-38674.jpeg",,,,,,,,,,,,,,,,
"snow-fashion-shoes-281637.jpeg","AssetLibrary/stockPicture/snow-fashion-shoes-281637.jpeg","Picture","snow-fashion-shoes-281637.jpeg",,,,,,,,,,,,,,,,
"snow-feet-legs-24610.jpg","AssetLibrary/stockPicture/snow-feet-legs-24610.jpg","Picture","snow-feet-legs-24610.jpg",,,,,,,,,,,,,,,,
"snow-feet-winter-67440.jpeg","AssetLibrary/stockPicture/snow-feet-winter-67440.jpeg","Picture","snow-feet-winter-67440.jpeg",,,,,,,,,,,,,,,,
"snow-landscape-mountains-311070.jpeg","AssetLibrary/stockPicture/snow-landscape-mountains-311070.jpeg","Picture","snow-landscape-mountains-311070.jpeg",,,,"default:/default-domain/ProductRoot/Product66",,,,,,,,,,,,
"snow-people-walking-38082.jpeg","AssetLibrary/stockPicture/snow-people-walking-38082.jpeg","Picture","snow-people-walking-38082.jpeg",,,,,,,,,,,,,,,,
"snow-sea-landscape-199534.jpeg","AssetLibrary/stockPicture/snow-sea-landscape-199534.jpeg","Picture","snow-sea-landscape-199534.jpeg",,,,,,,,,,,,,,,,
"StockSnap_3B930640FA.jpg","AssetLibrary/stockPicture/StockSnap_3B930640FA.jpg","Picture","StockSnap_3B930640FA.jpg",,,,,,,,,,,,,,,,
"StockSnap_203RJYDJOB.jpg","AssetLibrary/stockPicture/StockSnap_203RJYDJOB.jpg","Picture","StockSnap_203RJYDJOB.jpg",,,,,,,,,,,,,,,,
"StockSnap_C6J16TFD75.jpg","AssetLibrary/stockPicture/StockSnap_C6J16TFD75.jpg","Picture","StockSnap_C6J16TFD75.jpg",,,,,,,,,,,,,,,,
"StockSnap_CIQM9Z79J1.jpg","AssetLibrary/stockPicture/StockSnap_CIQM9Z79J1.jpg","Picture","StockSnap_CIQM9Z79J1.jpg",,,,,,,,,,,,,,,,
"StockSnap_D74WHMTE2U.jpg","AssetLibrary/stockPicture/StockSnap_D74WHMTE2U.jpg","Picture","StockSnap_D74WHMTE2U.jpg",,,,,,,,,,,,,,,,
"StockSnap_D91ZUN275Z.jpg","AssetLibrary/stockPicture/StockSnap_D91ZUN275Z.jpg","Picture","StockSnap_D91ZUN275Z.jpg",,,,,,,,,,,,,,,,
"StockSnap_HDYTE1D9MT.jpg","AssetLibrary/stockPicture/StockSnap_HDYTE1D9MT.jpg","Picture","StockSnap_HDYTE1D9MT.jpg",,,,,,,,,,,,,,,,
"StockSnap_HRU133WYWN.jpg","AssetLibrary/stockPicture/StockSnap_HRU133WYWN.jpg","Picture","StockSnap_HRU133WYWN.jpg",,,,,,,,,,,,,,,,
"StockSnap_I7CJYYDONS.jpg","AssetLibrary/stockPicture/StockSnap_I7CJYYDONS.jpg","Picture","StockSnap_I7CJYYDONS.jpg",,,,,,,,,,,,,,,,
"StockSnap_JW524NM5ZH.jpg","AssetLibrary/stockPicture/StockSnap_JW524NM5ZH.jpg","Picture","StockSnap_JW524NM5ZH.jpg",,,,,,,,,,,,,,,,
"StockSnap_JXA18HVCW9.jpg","AssetLibrary/stockPicture/StockSnap_JXA18HVCW9.jpg","Picture","StockSnap_JXA18HVCW9.jpg",,,,"default:/default-domain/ProductRoot/Product67",,,,,,,,,,,,
"StockSnap_KXYXNK07R2.jpg","AssetLibrary/stockPicture/StockSnap_KXYXNK07R2.jpg","Picture","StockSnap_KXYXNK07R2.jpg",,,,,,,,,,,,,,,,
"StockSnap_SO0THYJ3L5.jpg","AssetLibrary/stockPicture/StockSnap_SO0THYJ3L5.jpg","Picture","StockSnap_SO0THYJ3L5.jpg",,,,,,,,,,,,,,,,
"StockSnap_TD81IVHWGW.jpg","AssetLibrary/stockPicture/StockSnap_TD81IVHWGW.jpg","Picture","StockSnap_TD81IVHWGW.jpg",,,,,,,,,,,,,,,,
"StockSnap_UHM0TWIIIA.jpg","AssetLibrary/stockPicture/StockSnap_UHM0TWIIIA.jpg","Picture","StockSnap_UHM0TWIIIA.jpg",,,,,,,,,,,,,,,,
"StockSnap_UV0G0NBUM0.jpg","AssetLibrary/stockPicture/StockSnap_UV0G0NBUM0.jpg","Picture","StockSnap_UV0G0NBUM0.jpg",,,,"default:/default-domain/ProductRoot/Product69",,,,,,,,,,,,
"StockSnap_XE0Y41N1KB.jpg","AssetLibrary/stockPicture/StockSnap_XE0Y41N1KB.jpg","Picture","StockSnap_XE0Y41N1KB.jpg",,,,,,,,,,,,,,,,
"stretching_and_exercising_205630.jpg","AssetLibrary/stockPicture/stretching_and_exercising_205630.jpg","Picture","stretching_and_exercising_205630.jpg",,,,,,,,,,,,,,,,
"summer-rocks-young-234544.jpeg","AssetLibrary/stockPicture/summer-rocks-young-234544.jpeg","Picture","summer-rocks-young-234544.jpeg",,,,,,,,,,,,,,,,
"sunglasses-people-water-61129.jpeg","AssetLibrary/stockPicture/sunglasses-people-water-61129.jpeg","Picture","sunglasses-people-water-61129.jpeg",,,,,,,,,,,,,,,,
"Sunrise-video.mov","AssetLibrary/stockVideo/Sunrise-video.mov","Video","Sunrise-video.mov",,,,,,,,,,,,,,,,
"time-watch-round-277322.jpeg","AssetLibrary/stockPicture/time-watch-round-277322.jpeg","Picture","time-watch-round-277322.jpeg",,,,,,,,,,,,,,,,
"vacation-relaxation-vintage-269818.jpeg","AssetLibrary/stockPicture/vacation-relaxation-vintage-269818.jpeg","Picture","vacation-relaxation-vintage-269818.jpeg",,,,,,,,,,,,,,,,
"vacation-water-sun-134605.jpeg","AssetLibrary/stockPicture/vacation-water-sun-134605.jpeg","Picture","vacation-water-sun-134605.jpeg",,,,,,,,,,,,,,,,
"wall-rustic-wooden-167931.jpeg","AssetLibrary/stockPicture/wall-rustic-wooden-167931.jpeg","Picture","wall-rustic-wooden-167931.jpeg",,,,,,,,,,,,,,,,
"weather-shoes-rain-34519.jpg","AssetLibrary/stockPicture/weather-shoes-rain-34519.jpg","Picture","weather-shoes-rain-34519.jpg",,,,,,,,,,,,,,,,
"white_shoes_185542.jpg","AssetLibrary/stockPicture/white_shoes_185542.jpg","Picture","white_shoes_185542.jpg",,,,,,,,,,,,,,,,
"winter_boots_shoes_clothing.jpg","AssetLibrary/stockPicture/winter_boots_shoes_clothing.jpg","Picture","winter_boots_shoes_clothing.jpg",,,,,,,,,,,,,,,,
"woman_and_bicycle.jpg","AssetLibrary/stockPicture/woman_and_bicycle.jpg","Picture","woman_and_bicycle.jpg",,,,,,,,,,,,,,,,
"woman_and_winter_fashion_212569.jpg","AssetLibrary/stockPicture/woman_and_winter_fashion_212569.jpg","Picture","woman_and_winter_fashion_212569.jpg",,,,,,,,,,,,,,,,
"woman_with_a_hat_on_beach_204286.jpg","AssetLibrary/stockPicture/woman_with_a_hat_on_beach_204286.jpg","Picture","woman_with_a_hat_on_beach_204286.jpg",,,,,,,,,,,,,,,,
"woman-girl-winter-21280.jpg","AssetLibrary/stockPicture/woman-girl-winter-21280.jpg","Picture","woman-girl-winter-21280.jpg",,,,,,,,,,,,,,,,
"woman-girl-winter-35078.jpg","AssetLibrary/stockPicture/woman-girl-winter-35078.jpg","Picture","woman-girl-winter-35078.jpg",,,,,,,,,,,,,,,,
"woman-legs-boots-60546.jpeg","AssetLibrary/stockPicture/woman-legs-boots-60546.jpeg","Picture","woman-legs-boots-60546.jpeg",,,,,,,,,,,,,,,,
"wood-architect-table-3855.jpeg","AssetLibrary/stockPicture/wood-architect-table-3855.jpeg","Picture","wood-architect-table-3855.jpeg",,,,,,,,,,,,,,,,
"wood-clothes-knitwear-63448.jpeg","AssetLibrary/stockPicture/wood-clothes-knitwear-63448.jpeg","Picture","wood-clothes-knitwear-63448.jpeg",,,,,,,,,,,,,,,,
"wood-fashion-man-251454.jpeg","AssetLibrary/stockPicture/wood-fashion-man-251454.jpeg","Picture","wood-fashion-man-251454.jpeg",,,,,,,,,,,,,,,,
"wood-landscape-nature-121573.jpeg","AssetLibrary/stockPicture/wood-landscape-nature-121573.jpeg","Picture","wood-landscape-nature-121573.jpeg",,,,,,,,,,,,,,,,
"wood-man-people-167706.jpeg","AssetLibrary/stockPicture/wood-man-people-167706.jpeg","Picture","wood-man-people-167706.jpeg",,,,,,,,,,,,,,,,
"wood-nature-person-1786.jpg","AssetLibrary/stockPicture/wood-nature-person-1786.jpg","Picture","wood-nature-person-1786.jpg",,,,,,,,,,,,,,,,
"wood-wall-house-165221.png","AssetLibrary/stockPicture/wood-wall-house-165221.png","Picture","wood-wall-house-165221.png",,,,,,,,,,,,,,,,
"wood-water-stream-212082.jpeg","AssetLibrary/stockPicture/wood-water-stream-212082.jpeg","Picture","wood-water-stream-212082.jpeg",,,,,,,,,,,,,,,,
"young_man_standing_alone_in_forest_outdoor_605831.jpg","AssetLibrary/stockPicture/young_man_standing_alone_in_forest_outdoor_605831.jpg","Picture","young_man_standing_alone_in_forest_outdoor_605831.jpg",,,,,,,,,,,,,,,,
"night sky over cliff.mov","AssetLibrary/stockVideo/night sky over cliff.mov","Video","night sky over cliff.mov",,,,,,,,,,,,,,,,
"night sky over mountain lake.mov","AssetLibrary/stockVideo/night sky over mountain lake.mov","Video","night sky over mountain lake.mov",,,,,,,,,,,,,,,,
"night sky over mountains - bright.mov","AssetLibrary/stockVideo/night sky over mountains - bright.mov","Video","night sky over mountains - bright.mov",,,,,,,,,,,,,,,,
"night sky over mountains - dark.mov","AssetLibrary/stockVideo/night sky over mountains - dark.mov","Video","night sky over mountains - dark.mov",,,,,,,,,,,,,,,,
"night sky over several joshua trees.mov","AssetLibrary/stockVideo/night sky over several joshua trees.mov","Video","night sky over several joshua trees.mov",,,,,,,,,,,,,,,,
"night sky over snowy mountain meadow.mov","AssetLibrary/stockVideo/night sky over snowy mountain meadow.mov","Video","night sky over snowy mountain meadow.mov",,,,,,,,,,,,,,,,
"night sky over termite mound.mov","AssetLibrary/stockVideo/night sky over termite mound.mov","Video","night sky over termite mound.mov",,,,,,,,,,,,,,,,
"MMSEV.zip","AssetLibrary/stockFile/MMSEV.zip","ThreeD","MMSEV.zip",,,,,,,,,,,,,,,,
"MVIMG_20171203_120605.jpg","AssetLibrary/stockFile/California/MVIMG_20171203_120605.jpg","Picture","MVIMG_20171203_120605.jpg",,,,,,,,,,,,,,,,
"MVIMG_20171203_121751.jpg","AssetLibrary/stockFile/California/MVIMG_20171203_121751.jpg","Picture","MVIMG_20171203_121751.jpg",,,,,,,,,,,,,,,,
"MVIMG_20180325_085820.jpg","AssetLibrary/stockFile/California/MVIMG_20180325_085820.jpg","Picture","MVIMG_20180325_085820.jpg",,,,,,,,,,,,,,,,
"MVIMG_20180325_092718.jpg","AssetLibrary/stockFile/California/MVIMG_20180325_092718.jpg","Picture","MVIMG_20180325_092718.jpg",,,,,,,,,,,,,,,,
"MVIMG_20180325_092948.jpg","AssetLibrary/stockFile/California/MVIMG_20180325_092948.jpg","Picture","MVIMG_20180325_092948.jpg",,,,,,,,,,,,,,,,
"MVIMG_20180325_093151.jpg","AssetLibrary/stockFile/California/MVIMG_20180325_093151.jpg","Picture","MVIMG_20180325_093151.jpg",,,,,,,,,,,,,,,,
"MVIMG_20180325_100723.jpg","AssetLibrary/stockFile/California/MVIMG_20180325_100723.jpg","Picture","MVIMG_20180325_100723.jpg",,,,,,,,,,,,,,,,
"MVIMG_20180325_100854.jpg","AssetLibrary/stockFile/California/MVIMG_20180325_100854.jpg","Picture","MVIMG_20180325_100854.jpg",,,,,,,,,,,,,,,,
"MVIMG_20180325_104723.jpg","AssetLibrary/stockFile/California/MVIMG_20180325_104723.jpg","Picture","MVIMG_20180325_104723.jpg",,,,,,,,,,,,,,,,
"MVIMG_20180325_110144.jpg","AssetLibrary/stockFile/California/MVIMG_20180325_110144.jpg","Picture","MVIMG_20180325_110144.jpg",,,,,,,,,,,,,,,,
"MVIMG_20180325_110653.jpg","AssetLibrary/stockFile/California/MVIMG_20180325_110653.jpg","Picture","MVIMG_20180325_110653.jpg",,,,,,,,,,,,,,,,
"MVIMG_20180325_111442.jpg","AssetLibrary/stockFile/California/MVIMG_20180325_111442.jpg","Picture","MVIMG_20180325_111442.jpg",,,,,,,,,,,,,,,,
"MVIMG_20180325_112310.jpg","AssetLibrary/stockFile/California/MVIMG_20180325_112310.jpg","Picture","MVIMG_20180325_112310.jpg",,,,,,,,,,,,,,,,
"MVIMG_20180325_112513.jpg","AssetLibrary/stockFile/California/MVIMG_20180325_112513.jpg","Picture","MVIMG_20180325_112513.jpg",,,,,,,,,,,,,,,,
"MVIMG_20180325_112556.jpg","AssetLibrary/stockFile/California/MVIMG_20180325_112556.jpg","Picture","MVIMG_20180325_112556.jpg",,,,,,,,,,,,,,,,
"MVIMG_20180325_112748.jpg","AssetLibrary/stockFile/California/MVIMG_20180325_112748.jpg","Picture","MVIMG_20180325_112748.jpg",,,,,,,,,,,,,,,,
"MVIMG_20180325_125640.jpg","AssetLibrary/stockFile/California/MVIMG_20180325_125640.jpg","Picture","MVIMG_20180325_125640.jpg",,,,,,,,,,,,,,,,
"VID_20180325_111146.mp4","AssetLibrary/stockFile/California/VID_20180325_111146.mp4","Video","VID_20180325_111146.mp4",,,,,,,,,,,,,,,,
"VID_20180325_111307.mp4","AssetLibrary/stockFile/California/VID_20180325_111307.mp4","Video","VID_20180325_111307.mp4",,,,,,,,,,,,,,,,
"VID_20180325_112359.mp4","AssetLibrary/stockFile/California/VID_20180325_112359.mp4","Video","VID_20180325_112359.mp4",,,,,,,,,,,,,,,,
"VID_20180325_114703.mp4","AssetLibrary/stockFile/California/VID_20180325_114703.mp4","Video","VID_20180325_114703.mp4",,,,,,,,,,,,,,,,
